Evaporator,Q (W)
1,98038.871784
2,453437.088364
3,37624.969368
