Heat_Exchanger,Q (W)
1,519635.587122
2,234475.427864
3,312835.112553
4,19588.928367
Glycolic,27697.534886
